id,first name,last name,age,city,job title
1,John,Doe,32,New York,Engineer
2,Jane,Smith,27,Los Angeles,Designer
3,Bob,Brown,29,Chicago,Teacher
4,Alice,Johnson,31,Miami,Doctor
5,Charlie,Williams,28,Dallas,Lawyer
6,Emily,Miller,35,San Francisco,Architect
7,David,Anderson,30,Phoenix,Accountant
8,Sophia,Taylor,29,Philadelphia,Nurse
9,Michael,White,33,Houston,Programmer
10,Lucy,Green,25,Atlanta,Photographer
11,William,Turner,40,Seattle,Manager
12,Ella,Jones,26,Boston,Journalist
13,James,Robinson,36,San Diego,Consultant
14,Lily,Clark,29,Denver,Artist
15,Joseph,Lee,33,Austin,Scientist
16,Chloe,Moore,28,Indianapolis,Entrepreneur
17,Andrew,Harris,34,San Jose,Dentist
18,Mia,Thompson,30,Nashville,Pharmacist
19,Thomas,Young,31,Columbus,Chef
20,Isabella,Hall,29,Charlotte,HR Specialist
21,Daniel,Evans,28,Portland,Financial Analyst
22,Olivia,King,27,Las Vegas,Real Estate Agent
23,Benjamin,Lopez,32,San Antonio,Veterinarian
24,Grace,Wright,26,Memphis,Marketer
25,Matthew,Martin,34,Baltimore,Physical Therapist
26,Eva,Hill,28,El Paso,Librarian
27,Christopher,Adams,31,Oklahoma City,Banker
28,Anna,Allen,25,Tucson,Editor
29,Alexander,Gonzalez,33,New Orleans,Mechanic
30,Samantha,Perez,32,Cleveland,Biologist